target,sequence,Peptide_name,Literature
TFRC,HAIYPRH,T7,DOI: 10.1046/j.1432-1327.2001.02073.x.
TFRC,THRPPMWSPVWP,T12,DOI: 10.1046/j.1432-1327.2001.02073.x.
TFRC,THRPPMWSPVWPSK,Pep-L,DOI: 10.1371/journal.pone.0252341.
TFRC,GAWSIIDCSMNYCLYIEG,Pep-1,DOI: 10.1371/journal.pone.0252341.
TFRC,GAIHCHPQGDQSVSFCWR,Pep-2,DOI: 10.1371/journal.pone.0252341.
TFRC,GALHECTYYWWGLDCSFR,Pep-10,DOI: 10.1371/journal.pone.0252341.
TFRC,GACENWWGDVCGAGAG,Pep-R1,DOI: 10.1371/journal.pone.0252341.
TFRC,GACLSSRLDACGAGAG,Pep-R2,DOI: 10.1371/journal.pone.0252341.
TFRC,NYATYASWCWWRRCG,B6,DOI: 10.1016/j.ijpharm.2021.121436.
TFRC,THRPPMWSPVWP,TfR-T12,DOI: 10.1038/s41598-017-03805-7.
TFRC,HRPYIAH,DT7,DOI: 10.1021/acs.molpharmaceut.0c01119.
TFRC,CRTIGPSVC ,CRT,https://www.mdpi.com/1999-4923/14/2/279
TFRC,HAIYPRHGGC,T10,https://www.mdpi.com/1999-4923/14/2/279
TFRC,CGGGHKYLRW,T10,doi: 10.1016/j.jconrel.2020.01.012.
TFRC,YHWYGYTPQNVI,GE11, DOI: 10.1096/fj.05-4058com 
TFRC,YTIWMPENPRPGTPCDIFTNSRGKRASNGGGGRRRRRRRRR,RVG-9dR ,PMC2890121
TFRC,MNLLRKIVKNRRDEDTQKSSPASAPLDGGGGRR RRRRRRR,RV-MAT-9dR,PMC2890121
TFRC, CGGGHKYLRW,TBP-Ps,https://doi.org/10.1016/j.jconrel.2020.01.012
INSR,RVRVWVTERGIVARPPTIG,mcIRBP-19,DOI: 10.1021/jf501609g.
INSR,DAEFRHDSGYEVHHQKLVFFAEDVGSNKGAIIGLMVGGVV,Aβ1-40,PMC6757630
INSR,DAEFRHDSGYEVHHQKLVFFAEDVGSNKGAIIGLMVGGVV,Aβ1-42,PMC6757630
INSR,SLYQVLRYKGSWYSYEVK,S446,DOI: 10.1074/jbc.M200238200 
INSR,HPLCWNSMYYGDKG,S371,DOI: 10.1074/jbc.M200238200 
INSR,WLDQDTEYGRY,S374,DOI: 10.1074/jbc.M200238200 
INSR,FHENFYDWDK,S378,DOI: 10.1074/jbc.M200238200 
INSR,APKWWEDYRF,S454,DOI: 10.1074/jbc.M200238200 
INSR,WLDQDWMRR,S455,DOI: 10.1074/jbc.M200238200 
INSR,SLYQVLRYKGSWYSYEVK,Dimer peptide D4 ,DOI: 10.1073/pnas.0830026100
INSR,SLLEEQYAVYKGK ,S597 ,DOI: 10.1038/s41467-022-33274-0
LRP1,TWPKHFDKHTFYSILKLGKH,L57,"DOI: 10.1016/j.xphs.2020.09.019,"
LRP2,TFFYGGSRGKRNNFKTEEY,A2,DOI: 10.1016/j.xphs.2020.09.019。
LRP3,TFFYGGSRGRRNNFRTEEY,A7,DOI: 10.1016/j.xphs.2020.09.019。
LRP4,SGRGKMLLFSGRRLWRFDVKAQ,Peptide 2,DOI: 10.1021/acs.biochem.3c00705
LRP5,KKNLKDCYLKKNLK,RAP d3,
LRP6,CEEWLKEWLEEWLE,RAP,
LRP7,KCCYSL,Peptide J18,
LRP8,KCLKPGLRPKRFR,Gremlin-1 衍生肽 (G1P),
LRP9,TWPKHFDKHTFYSILKLGK,IETP-1,WO2017015629A1 (2017)
LRP10,TWPKHFDKHTFYSILKLGE,IETP-2,WO2017015629A1 (2017)
LRP11,HTHTKYS,DP1,
LRP12,WPKHFDK,DP3,
LRP13,SILKLGK,DP7,
ICAM-1,QTSVSPSKVILPRGGSVLVTG,IB,doi:10.1016/j.bmcl.2003.09.100.
ICAM-2,QTSVSPSKVIC,cIBL,doi:10.1016/j.bmcl.2003.09.100.
ICAM-3,PSKVILPRGGC,cIBC,doi:10.1111/j.1747-0285.2006.00407.x.
ICAM-4,PRGGSVLVTGC,cIBR,PMC2519170  
ICAM-5,KVILPRGGSVLVTC,ICAM-1-(8-21),DOI: 10.1074/jbc.271.39.24270
ICAM-6,EWCEYLGGYLRCYA,NO,PMID: 8953648
ICAM-7,VILPRG,LH4,
ICAM-8,PRGGSV,LH7,
ICAM-9,VILPRG,CH4,
NCAM1,KYSFNYDGSE,PP,doi:10.1083/jcb.118.4.937.
NCAM2,DVRRGIKKTD,Plannexin,PMID: 20568277.
NCAM3,IWKHKGRDVILKKDVRFI,HBD,PMID: 2078567
