sequence,target,label_type,source,notes
ESWPQP,NEG,binary,synthetic_neg_v1,length=6; matched_len_dist; motif_avoid; edit_dist>=3 to positives
GKYETI,NEG,binary,synthetic_neg_v1,length=6; matched_len_dist; motif_avoid; edit_dist>=3 to positives
IQMQQI,NEG,binary,synthetic_neg_v1,length=6; matched_len_dist; motif_avoid; edit_dist>=3 to positives
IQRVTC,NEG,binary,synthetic_neg_v1,length=6; matched_len_dist; motif_avoid; edit_dist>=3 to positives
LFQNFH,NEG,binary,synthetic_neg_v1,length=6; matched_len_dist; motif_avoid; edit_dist>=3 to positives
MMCVKY,NEG,binary,synthetic_neg_v1,length=6; matched_len_dist; motif_avoid; edit_dist>=3 to positives
NLNQKP,NEG,binary,synthetic_neg_v1,length=6; matched_len_dist; motif_avoid; edit_dist>=3 to positives
NWRNQY,NEG,binary,synthetic_neg_v1,length=6; matched_len_dist; motif_avoid; edit_dist>=3 to positives
QVCQLY,NEG,binary,synthetic_neg_v1,length=6; matched_len_dist; motif_avoid; edit_dist>=3 to positives
RCDTIF,NEG,binary,synthetic_neg_v1,length=6; matched_len_dist; motif_avoid; edit_dist>=3 to positives
SCDKAM,NEG,binary,synthetic_neg_v1,length=6; matched_len_dist; motif_avoid; edit_dist>=3 to positives
TPQCFS,NEG,binary,synthetic_neg_v1,length=6; matched_len_dist; motif_avoid; edit_dist>=3 to positives
VHPFSP,NEG,binary,synthetic_neg_v1,length=6; matched_len_dist; motif_avoid; edit_dist>=3 to positives
WAVNCK,NEG,binary,synthetic_neg_v1,length=6; matched_len_dist; motif_avoid; edit_dist>=3 to positives
YHNKEE,NEG,binary,synthetic_neg_v1,length=6; matched_len_dist; motif_avoid; edit_dist>=3 to positives
CFCLQDF,NEG,binary,synthetic_neg_v1,length=7; matched_len_dist; motif_avoid; edit_dist>=3 to positives
GSNQRKQ,NEG,binary,synthetic_neg_v1,length=7; matched_len_dist; motif_avoid; edit_dist>=3 to positives
IQHSLDW,NEG,binary,synthetic_neg_v1,length=7; matched_len_dist; motif_avoid; edit_dist>=3 to positives
KEKGRYT,NEG,binary,synthetic_neg_v1,length=7; matched_len_dist; motif_avoid; edit_dist>=3 to positives
LTQCALF,NEG,binary,synthetic_neg_v1,length=7; matched_len_dist; motif_avoid; edit_dist>=3 to positives
MGIQYDW,NEG,binary,synthetic_neg_v1,length=7; matched_len_dist; motif_avoid; edit_dist>=3 to positives
VWMMESC,NEG,binary,synthetic_neg_v1,length=7; matched_len_dist; motif_avoid; edit_dist>=3 to positives
YVPMRLC,NEG,binary,synthetic_neg_v1,length=7; matched_len_dist; motif_avoid; edit_dist>=3 to positives
DLVDHWVC,NEG,binary,synthetic_neg_v1,length=8; matched_len_dist; motif_avoid; edit_dist>=3 to positives
FQTCIADI,NEG,binary,synthetic_neg_v1,length=8; matched_len_dist; motif_avoid; edit_dist>=3 to positives
GHWFILEH,NEG,binary,synthetic_neg_v1,length=8; matched_len_dist; motif_avoid; edit_dist>=3 to positives
MMETTQHT,NEG,binary,synthetic_neg_v1,length=8; matched_len_dist; motif_avoid; edit_dist>=3 to positives
PAMFFGCG,NEG,binary,synthetic_neg_v1,length=8; matched_len_dist; motif_avoid; edit_dist>=3 to positives
PLTSCCPP,NEG,binary,synthetic_neg_v1,length=8; matched_len_dist; motif_avoid; edit_dist>=3 to positives
RMIYARTQ,NEG,binary,synthetic_neg_v1,length=8; matched_len_dist; motif_avoid; edit_dist>=3 to positives
RSWPVTPY,NEG,binary,synthetic_neg_v1,length=8; matched_len_dist; motif_avoid; edit_dist>=3 to positives
SAMILIVK,NEG,binary,synthetic_neg_v1,length=8; matched_len_dist; motif_avoid; edit_dist>=3 to positives
SASHLMSR,NEG,binary,synthetic_neg_v1,length=8; matched_len_dist; motif_avoid; edit_dist>=3 to positives
TFMQMRHN,NEG,binary,synthetic_neg_v1,length=8; matched_len_dist; motif_avoid; edit_dist>=3 to positives
YHPLQDQT,NEG,binary,synthetic_neg_v1,length=8; matched_len_dist; motif_avoid; edit_dist>=3 to positives
YIIGCIHK,NEG,binary,synthetic_neg_v1,length=8; matched_len_dist; motif_avoid; edit_dist>=3 to positives
AVQQVQWKM,NEG,binary,synthetic_neg_v1,length=9; matched_len_dist; motif_avoid; edit_dist>=3 to positives
CRKNGHASD,NEG,binary,synthetic_neg_v1,length=9; matched_len_dist; motif_avoid; edit_dist>=3 to positives
DCFWDWYNW,NEG,binary,synthetic_neg_v1,length=9; matched_len_dist; motif_avoid; edit_dist>=3 to positives
DDYKNQGLE,NEG,binary,synthetic_neg_v1,length=9; matched_len_dist; motif_avoid; edit_dist>=3 to positives
IDTVNQYIG,NEG,binary,synthetic_neg_v1,length=9; matched_len_dist; motif_avoid; edit_dist>=3 to positives
IVDDQTIKD,NEG,binary,synthetic_neg_v1,length=9; matched_len_dist; motif_avoid; edit_dist>=3 to positives
MGMKVMCSN,NEG,binary,synthetic_neg_v1,length=9; matched_len_dist; motif_avoid; edit_dist>=3 to positives
NYIHTPHVH,NEG,binary,synthetic_neg_v1,length=9; matched_len_dist; motif_avoid; edit_dist>=3 to positives
REWQMCFWE,NEG,binary,synthetic_neg_v1,length=9; matched_len_dist; motif_avoid; edit_dist>=3 to positives
VVRVRRVMP,NEG,binary,synthetic_neg_v1,length=9; matched_len_dist; motif_avoid; edit_dist>=3 to positives
AWVLDNNQHV,NEG,binary,synthetic_neg_v1,length=10; matched_len_dist; motif_avoid; edit_dist>=3 to positives
DHIKDNGLMW,NEG,binary,synthetic_neg_v1,length=10; matched_len_dist; motif_avoid; edit_dist>=3 to positives
EQNTGNHSWN,NEG,binary,synthetic_neg_v1,length=10; matched_len_dist; motif_avoid; edit_dist>=3 to positives
HTSMIYDNHK,NEG,binary,synthetic_neg_v1,length=10; matched_len_dist; motif_avoid; edit_dist>=3 to positives
LRDCFYQHKI,NEG,binary,synthetic_neg_v1,length=10; matched_len_dist; motif_avoid; edit_dist>=3 to positives
NAEISKTYSD,NEG,binary,synthetic_neg_v1,length=10; matched_len_dist; motif_avoid; edit_dist>=3 to positives
QHYVKEMQAW,NEG,binary,synthetic_neg_v1,length=10; matched_len_dist; motif_avoid; edit_dist>=3 to positives
QLYRTWYATI,NEG,binary,synthetic_neg_v1,length=10; matched_len_dist; motif_avoid; edit_dist>=3 to positives
RILYHMDVWH,NEG,binary,synthetic_neg_v1,length=10; matched_len_dist; motif_avoid; edit_dist>=3 to positives
TCHDRWLKNG,NEG,binary,synthetic_neg_v1,length=10; matched_len_dist; motif_avoid; edit_dist>=3 to positives
YARWSEMEHV,NEG,binary,synthetic_neg_v1,length=10; matched_len_dist; motif_avoid; edit_dist>=3 to positives
YERVEPCCGK,NEG,binary,synthetic_neg_v1,length=10; matched_len_dist; motif_avoid; edit_dist>=3 to positives
YNSGAPSHHT,NEG,binary,synthetic_neg_v1,length=10; matched_len_dist; motif_avoid; edit_dist>=3 to positives
AFGYCVYADKN,NEG,binary,synthetic_neg_v1,length=11; matched_len_dist; motif_avoid; edit_dist>=3 to positives
ANIPAVPAAWS,NEG,binary,synthetic_neg_v1,length=11; matched_len_dist; motif_avoid; edit_dist>=3 to positives
AQPCLDVMFVN,NEG,binary,synthetic_neg_v1,length=11; matched_len_dist; motif_avoid; edit_dist>=3 to positives
CRSLYHGQNFA,NEG,binary,synthetic_neg_v1,length=11; matched_len_dist; motif_avoid; edit_dist>=3 to positives
CRWHPTTRMIS,NEG,binary,synthetic_neg_v1,length=11; matched_len_dist; motif_avoid; edit_dist>=3 to positives
DCWIVENNDLS,NEG,binary,synthetic_neg_v1,length=11; matched_len_dist; motif_avoid; edit_dist>=3 to positives
DKCCRGMNDWV,NEG,binary,synthetic_neg_v1,length=11; matched_len_dist; motif_avoid; edit_dist>=3 to positives
DVWVPDFECTD,NEG,binary,synthetic_neg_v1,length=11; matched_len_dist; motif_avoid; edit_dist>=3 to positives
FGDGFCQWDME,NEG,binary,synthetic_neg_v1,length=11; matched_len_dist; motif_avoid; edit_dist>=3 to positives
GNPRMQELEKK,NEG,binary,synthetic_neg_v1,length=11; matched_len_dist; motif_avoid; edit_dist>=3 to positives
GNPYRLTIKCI,NEG,binary,synthetic_neg_v1,length=11; matched_len_dist; motif_avoid; edit_dist>=3 to positives
HVMWMRDWQRM,NEG,binary,synthetic_neg_v1,length=11; matched_len_dist; motif_avoid; edit_dist>=3 to positives
HYFFLVFVGYL,NEG,binary,synthetic_neg_v1,length=11; matched_len_dist; motif_avoid; edit_dist>=3 to positives
IPIRYSFSWQW,NEG,binary,synthetic_neg_v1,length=11; matched_len_dist; motif_avoid; edit_dist>=3 to positives
LMEGIAAFWWP,NEG,binary,synthetic_neg_v1,length=11; matched_len_dist; motif_avoid; edit_dist>=3 to positives
LNMHCHEWYIH,NEG,binary,synthetic_neg_v1,length=11; matched_len_dist; motif_avoid; edit_dist>=3 to positives
LPADILWGTAF,NEG,binary,synthetic_neg_v1,length=11; matched_len_dist; motif_avoid; edit_dist>=3 to positives
MYFEYEHEFLT,NEG,binary,synthetic_neg_v1,length=11; matched_len_dist; motif_avoid; edit_dist>=3 to positives
NIWGEMIDYLD,NEG,binary,synthetic_neg_v1,length=11; matched_len_dist; motif_avoid; edit_dist>=3 to positives
RICCDEGVSFV,NEG,binary,synthetic_neg_v1,length=11; matched_len_dist; motif_avoid; edit_dist>=3 to positives
SFFEHENFDVV,NEG,binary,synthetic_neg_v1,length=11; matched_len_dist; motif_avoid; edit_dist>=3 to positives
EDNYIYCPLPAS,NEG,binary,synthetic_neg_v1,length=12; matched_len_dist; motif_avoid; edit_dist>=3 to positives
EKTVWTFLMCLL,NEG,binary,synthetic_neg_v1,length=12; matched_len_dist; motif_avoid; edit_dist>=3 to positives
EYHVRCIWNDDV,NEG,binary,synthetic_neg_v1,length=12; matched_len_dist; motif_avoid; edit_dist>=3 to positives
GARPFILQNETR,NEG,binary,synthetic_neg_v1,length=12; matched_len_dist; motif_avoid; edit_dist>=3 to positives
HDWLKYFWKYPQ,NEG,binary,synthetic_neg_v1,length=12; matched_len_dist; motif_avoid; edit_dist>=3 to positives
IECENHFMWMWR,NEG,binary,synthetic_neg_v1,length=12; matched_len_dist; motif_avoid; edit_dist>=3 to positives
IYQSPTSNQDAK,NEG,binary,synthetic_neg_v1,length=12; matched_len_dist; motif_avoid; edit_dist>=3 to positives
KWVRQWKGECHR,NEG,binary,synthetic_neg_v1,length=12; matched_len_dist; motif_avoid; edit_dist>=3 to positives
LETAQCFFQTTM,NEG,binary,synthetic_neg_v1,length=12; matched_len_dist; motif_avoid; edit_dist>=3 to positives
PFDNEAKQCMYE,NEG,binary,synthetic_neg_v1,length=12; matched_len_dist; motif_avoid; edit_dist>=3 to positives
RRTCGNFQNTCS,NEG,binary,synthetic_neg_v1,length=12; matched_len_dist; motif_avoid; edit_dist>=3 to positives
TDDRHIWDCCEQ,NEG,binary,synthetic_neg_v1,length=12; matched_len_dist; motif_avoid; edit_dist>=3 to positives
TSIHMPCQERKI,NEG,binary,synthetic_neg_v1,length=12; matched_len_dist; motif_avoid; edit_dist>=3 to positives
VMFMNWLYVVST,NEG,binary,synthetic_neg_v1,length=12; matched_len_dist; motif_avoid; edit_dist>=3 to positives
YCDDAICNFDLT,NEG,binary,synthetic_neg_v1,length=12; matched_len_dist; motif_avoid; edit_dist>=3 to positives
YERDGIGHNHVP,NEG,binary,synthetic_neg_v1,length=12; matched_len_dist; motif_avoid; edit_dist>=3 to positives
CMGDEPWEKNMNP,NEG,binary,synthetic_neg_v1,length=13; matched_len_dist; motif_avoid; edit_dist>=3 to positives
GNQFEHHGVKRAM,NEG,binary,synthetic_neg_v1,length=13; matched_len_dist; motif_avoid; edit_dist>=3 to positives
IMQCVPTVKFLEH,NEG,binary,synthetic_neg_v1,length=13; matched_len_dist; motif_avoid; edit_dist>=3 to positives
IVYEEIPYQRPTY,NEG,binary,synthetic_neg_v1,length=13; matched_len_dist; motif_avoid; edit_dist>=3 to positives
KMAYIYINHTLMG,NEG,binary,synthetic_neg_v1,length=13; matched_len_dist; motif_avoid; edit_dist>=3 to positives
NLLKSYPLRIVPA,NEG,binary,synthetic_neg_v1,length=13; matched_len_dist; motif_avoid; edit_dist>=3 to positives
PQPRAGISDTMFR,NEG,binary,synthetic_neg_v1,length=13; matched_len_dist; motif_avoid; edit_dist>=3 to positives
QIIVEAKGPVIRF,NEG,binary,synthetic_neg_v1,length=13; matched_len_dist; motif_avoid; edit_dist>=3 to positives
TEFTHRPRFTEVC,NEG,binary,synthetic_neg_v1,length=13; matched_len_dist; motif_avoid; edit_dist>=3 to positives
TKQNCFYFHWGWM,NEG,binary,synthetic_neg_v1,length=13; matched_len_dist; motif_avoid; edit_dist>=3 to positives
VAYDWFVQQELIF,NEG,binary,synthetic_neg_v1,length=13; matched_len_dist; motif_avoid; edit_dist>=3 to positives
WYPYHLLWPQTFS,NEG,binary,synthetic_neg_v1,length=13; matched_len_dist; motif_avoid; edit_dist>=3 to positives
YCNSMEQEERFDQ,NEG,binary,synthetic_neg_v1,length=13; matched_len_dist; motif_avoid; edit_dist>=3 to positives
YKPQQCVTCIRDQ,NEG,binary,synthetic_neg_v1,length=13; matched_len_dist; motif_avoid; edit_dist>=3 to positives
EQTGCDSHQIMVIH,NEG,binary,synthetic_neg_v1,length=14; matched_len_dist; motif_avoid; edit_dist>=3 to positives
FLVCRKWAAYVRWH,NEG,binary,synthetic_neg_v1,length=14; matched_len_dist; motif_avoid; edit_dist>=3 to positives
KDTLKDNTFEIVST,NEG,binary,synthetic_neg_v1,length=14; matched_len_dist; motif_avoid; edit_dist>=3 to positives
KLPKECHYWNSILD,NEG,binary,synthetic_neg_v1,length=14; matched_len_dist; motif_avoid; edit_dist>=3 to positives
QFQEPYQPHSPKSE,NEG,binary,synthetic_neg_v1,length=14; matched_len_dist; motif_avoid; edit_dist>=3 to positives
SMFNYYKDWPIACP,NEG,binary,synthetic_neg_v1,length=14; matched_len_dist; motif_avoid; edit_dist>=3 to positives
SSMVHHGQLVCNFM,NEG,binary,synthetic_neg_v1,length=14; matched_len_dist; motif_avoid; edit_dist>=3 to positives
TGREYQSVCGPHAN,NEG,binary,synthetic_neg_v1,length=14; matched_len_dist; motif_avoid; edit_dist>=3 to positives
WDYRFEINELDLYC,NEG,binary,synthetic_neg_v1,length=14; matched_len_dist; motif_avoid; edit_dist>=3 to positives
YRYERTRHWYNMNF,NEG,binary,synthetic_neg_v1,length=14; matched_len_dist; motif_avoid; edit_dist>=3 to positives
YVCPNRNTGRALQP,NEG,binary,synthetic_neg_v1,length=14; matched_len_dist; motif_avoid; edit_dist>=3 to positives
GERPRMSHSGFGEIK,NEG,binary,synthetic_neg_v1,length=15; matched_len_dist; motif_avoid; edit_dist>=3 to positives
GWCPSDSKLGGHYKA,NEG,binary,synthetic_neg_v1,length=15; matched_len_dist; motif_avoid; edit_dist>=3 to positives
ICIHMKASEPKMRQL,NEG,binary,synthetic_neg_v1,length=15; matched_len_dist; motif_avoid; edit_dist>=3 to positives
IEKPIECKSLMEGGR,NEG,binary,synthetic_neg_v1,length=15; matched_len_dist; motif_avoid; edit_dist>=3 to positives
IWIAAWTAAQQNWYW,NEG,binary,synthetic_neg_v1,length=15; matched_len_dist; motif_avoid; edit_dist>=3 to positives
LWMYRFSEKEIQMVH,NEG,binary,synthetic_neg_v1,length=15; matched_len_dist; motif_avoid; edit_dist>=3 to positives
PLYHSHQVLLYMTHW,NEG,binary,synthetic_neg_v1,length=15; matched_len_dist; motif_avoid; edit_dist>=3 to positives
PWYCYGCMQPSPEVF,NEG,binary,synthetic_neg_v1,length=15; matched_len_dist; motif_avoid; edit_dist>=3 to positives
PYFQADCSQWIMTMD,NEG,binary,synthetic_neg_v1,length=15; matched_len_dist; motif_avoid; edit_dist>=3 to positives
SVASCWIMYMFQKHQ,NEG,binary,synthetic_neg_v1,length=15; matched_len_dist; motif_avoid; edit_dist>=3 to positives
VLRVHCKFEHTACHW,NEG,binary,synthetic_neg_v1,length=15; matched_len_dist; motif_avoid; edit_dist>=3 to positives
GVPACEWCNCTFCPRD,NEG,binary,synthetic_neg_v1,length=16; matched_len_dist; motif_avoid; edit_dist>=3 to positives
NHRPNYIHWPNNCSYA,NEG,binary,synthetic_neg_v1,length=16; matched_len_dist; motif_avoid; edit_dist>=3 to positives
PAMDMTGWNMKIFETA,NEG,binary,synthetic_neg_v1,length=16; matched_len_dist; motif_avoid; edit_dist>=3 to positives
QNNSKFLDMGQDHHYL,NEG,binary,synthetic_neg_v1,length=16; matched_len_dist; motif_avoid; edit_dist>=3 to positives
SAFEYIHSWTIPHMMP,NEG,binary,synthetic_neg_v1,length=16; matched_len_dist; motif_avoid; edit_dist>=3 to positives
SDQQKVNQHIQYAYML,NEG,binary,synthetic_neg_v1,length=16; matched_len_dist; motif_avoid; edit_dist>=3 to positives
SNLKIQQDFSWHYLHD,NEG,binary,synthetic_neg_v1,length=16; matched_len_dist; motif_avoid; edit_dist>=3 to positives
WFNTCQAYVAAYRRPW,NEG,binary,synthetic_neg_v1,length=16; matched_len_dist; motif_avoid; edit_dist>=3 to positives
WPIFWAVSPAMYLHMP,NEG,binary,synthetic_neg_v1,length=16; matched_len_dist; motif_avoid; edit_dist>=3 to positives
DSCINAPVTQEELVFVP,NEG,binary,synthetic_neg_v1,length=17; matched_len_dist; motif_avoid; edit_dist>=3 to positives
DSGDFCSLREKLDDHQP,NEG,binary,synthetic_neg_v1,length=17; matched_len_dist; motif_avoid; edit_dist>=3 to positives
ENDWNIYYSRLQILMEC,NEG,binary,synthetic_neg_v1,length=17; matched_len_dist; motif_avoid; edit_dist>=3 to positives
GLGADSGAKNSFINLSY,NEG,binary,synthetic_neg_v1,length=17; matched_len_dist; motif_avoid; edit_dist>=3 to positives
HGEIKDMTSFYETCNTT,NEG,binary,synthetic_neg_v1,length=17; matched_len_dist; motif_avoid; edit_dist>=3 to positives
HPYDWCANSPGAWNWRW,NEG,binary,synthetic_neg_v1,length=17; matched_len_dist; motif_avoid; edit_dist>=3 to positives
KCFKWYMYRLNHWPDKL,NEG,binary,synthetic_neg_v1,length=17; matched_len_dist; motif_avoid; edit_dist>=3 to positives
LDTKWLFFIITWLWLIW,NEG,binary,synthetic_neg_v1,length=17; matched_len_dist; motif_avoid; edit_dist>=3 to positives
PWFGVNYCDKRWFTNYQ,NEG,binary,synthetic_neg_v1,length=17; matched_len_dist; motif_avoid; edit_dist>=3 to positives
PYHSCEPVHQTTKWLTP,NEG,binary,synthetic_neg_v1,length=17; matched_len_dist; motif_avoid; edit_dist>=3 to positives
QFRERGHMFRLLMEETN,NEG,binary,synthetic_neg_v1,length=17; matched_len_dist; motif_avoid; edit_dist>=3 to positives
QQKDWDFAHDSHQENPM,NEG,binary,synthetic_neg_v1,length=17; matched_len_dist; motif_avoid; edit_dist>=3 to positives
TEHERMRQAHTADWVKP,NEG,binary,synthetic_neg_v1,length=17; matched_len_dist; motif_avoid; edit_dist>=3 to positives
VTGFDMASDSHGCIYAF,NEG,binary,synthetic_neg_v1,length=17; matched_len_dist; motif_avoid; edit_dist>=3 to positives
YGNSISKELNTWDRRQY,NEG,binary,synthetic_neg_v1,length=17; matched_len_dist; motif_avoid; edit_dist>=3 to positives
YSATSESPRTMPYVHFY,NEG,binary,synthetic_neg_v1,length=17; matched_len_dist; motif_avoid; edit_dist>=3 to positives
CPNALEQVQLSRYAVSDN,NEG,binary,synthetic_neg_v1,length=18; matched_len_dist; motif_avoid; edit_dist>=3 to positives
CTEYITDGMIEQPQQDIQ,NEG,binary,synthetic_neg_v1,length=18; matched_len_dist; motif_avoid; edit_dist>=3 to positives
DEFCCHEYGTGPWMPVTC,NEG,binary,synthetic_neg_v1,length=18; matched_len_dist; motif_avoid; edit_dist>=3 to positives
ETCSCAQIMCMSNHSPYP,NEG,binary,synthetic_neg_v1,length=18; matched_len_dist; motif_avoid; edit_dist>=3 to positives
HNWCPYTLKIRCIAISGC,NEG,binary,synthetic_neg_v1,length=18; matched_len_dist; motif_avoid; edit_dist>=3 to positives
IEPLQWKLTPIYKFGTRA,NEG,binary,synthetic_neg_v1,length=18; matched_len_dist; motif_avoid; edit_dist>=3 to positives
MIPLYYFHERCEKKYNRN,NEG,binary,synthetic_neg_v1,length=18; matched_len_dist; motif_avoid; edit_dist>=3 to positives
MKFKKFTVQDMCGPTKSE,NEG,binary,synthetic_neg_v1,length=18; matched_len_dist; motif_avoid; edit_dist>=3 to positives
NNHRSFCRFRMLVQPQLH,NEG,binary,synthetic_neg_v1,length=18; matched_len_dist; motif_avoid; edit_dist>=3 to positives
RKWSREWWGPVDNRAYWK,NEG,binary,synthetic_neg_v1,length=18; matched_len_dist; motif_avoid; edit_dist>=3 to positives
RYGTWQHQTVWWQDKFGD,NEG,binary,synthetic_neg_v1,length=18; matched_len_dist; motif_avoid; edit_dist>=3 to positives
SMMIVQDYFNVTAGYHFI,NEG,binary,synthetic_neg_v1,length=18; matched_len_dist; motif_avoid; edit_dist>=3 to positives
VENSGISMMKDNHWKWNT,NEG,binary,synthetic_neg_v1,length=18; matched_len_dist; motif_avoid; edit_dist>=3 to positives
VSSDNPTDPCANTYDCEC,NEG,binary,synthetic_neg_v1,length=18; matched_len_dist; motif_avoid; edit_dist>=3 to positives
YAKECNFRFGTPNRPAVG,NEG,binary,synthetic_neg_v1,length=18; matched_len_dist; motif_avoid; edit_dist>=3 to positives
YWYNCSLGCFHFWNSKIP,NEG,binary,synthetic_neg_v1,length=18; matched_len_dist; motif_avoid; edit_dist>=3 to positives
CQTDPQSVSVLCEHNYVEK,NEG,binary,synthetic_neg_v1,length=19; matched_len_dist; motif_avoid; edit_dist>=3 to positives
EFFVSSASCWHTSYKPRRE,NEG,binary,synthetic_neg_v1,length=19; matched_len_dist; motif_avoid; edit_dist>=3 to positives
EMRNNKQFSFIPHGTHWSN,NEG,binary,synthetic_neg_v1,length=19; matched_len_dist; motif_avoid; edit_dist>=3 to positives
GNHLTCLMMCIWIGSASCF,NEG,binary,synthetic_neg_v1,length=19; matched_len_dist; motif_avoid; edit_dist>=3 to positives
HQEYARDRRVDWFAGWLIA,NEG,binary,synthetic_neg_v1,length=19; matched_len_dist; motif_avoid; edit_dist>=3 to positives
IKWWHQEARPHAPGATVPM,NEG,binary,synthetic_neg_v1,length=19; matched_len_dist; motif_avoid; edit_dist>=3 to positives
KTARFVDDNFVPVNFNALM,NEG,binary,synthetic_neg_v1,length=19; matched_len_dist; motif_avoid; edit_dist>=3 to positives
QMWNIMFLASVVTIHRKWW,NEG,binary,synthetic_neg_v1,length=19; matched_len_dist; motif_avoid; edit_dist>=3 to positives
SGWLPQYIAYTHRDDWYND,NEG,binary,synthetic_neg_v1,length=19; matched_len_dist; motif_avoid; edit_dist>=3 to positives
SPSFTFNSACHARLPGWET,NEG,binary,synthetic_neg_v1,length=19; matched_len_dist; motif_avoid; edit_dist>=3 to positives
TSSILCTLIDDTTCRNFQN,NEG,binary,synthetic_neg_v1,length=19; matched_len_dist; motif_avoid; edit_dist>=3 to positives
WLLMQNPYMNCEKYKIYMC,NEG,binary,synthetic_neg_v1,length=19; matched_len_dist; motif_avoid; edit_dist>=3 to positives
YHECCRWYDCPGFPFMVAK,NEG,binary,synthetic_neg_v1,length=19; matched_len_dist; motif_avoid; edit_dist>=3 to positives
ACKMDSFNDAFDQSILKTFD,NEG,binary,synthetic_neg_v1,length=20; matched_len_dist; motif_avoid; edit_dist>=3 to positives
AYLKIIQKMEVPVNIWCTSS,NEG,binary,synthetic_neg_v1,length=20; matched_len_dist; motif_avoid; edit_dist>=3 to positives
CMWPYRKSTCSMRMLQVSPY,NEG,binary,synthetic_neg_v1,length=20; matched_len_dist; motif_avoid; edit_dist>=3 to positives
ETMFEVYIPFGHRPKDVISQ,NEG,binary,synthetic_neg_v1,length=20; matched_len_dist; motif_avoid; edit_dist>=3 to positives
FAWICAAYTRWYPTQFVLGC,NEG,binary,synthetic_neg_v1,length=20; matched_len_dist; motif_avoid; edit_dist>=3 to positives
IHVKSNPPAELMCCRDYWIR,NEG,binary,synthetic_neg_v1,length=20; matched_len_dist; motif_avoid; edit_dist>=3 to positives
KHAIGASIDKEKHDGTCHSR,NEG,binary,synthetic_neg_v1,length=20; matched_len_dist; motif_avoid; edit_dist>=3 to positives
KYQNFSNYIEPMTGAPCSGQ,NEG,binary,synthetic_neg_v1,length=20; matched_len_dist; motif_avoid; edit_dist>=3 to positives
PLLELLVHHAFVNFGATPFL,NEG,binary,synthetic_neg_v1,length=20; matched_len_dist; motif_avoid; edit_dist>=3 to positives
PYGGTELQLGQMLAWHKQKV,NEG,binary,synthetic_neg_v1,length=20; matched_len_dist; motif_avoid; edit_dist>=3 to positives
QDSIAKVSPEMHFQDETYCD,NEG,binary,synthetic_neg_v1,length=20; matched_len_dist; motif_avoid; edit_dist>=3 to positives
QTGCHYVKGERFCQWCNKDT,NEG,binary,synthetic_neg_v1,length=20; matched_len_dist; motif_avoid; edit_dist>=3 to positives
RMHTEIYESIAFMHQSSHSK,NEG,binary,synthetic_neg_v1,length=20; matched_len_dist; motif_avoid; edit_dist>=3 to positives
SKALGCHENFDQQLFRYWPP,NEG,binary,synthetic_neg_v1,length=20; matched_len_dist; motif_avoid; edit_dist>=3 to positives
